ticker,market,split,config_key,retest_line,entry_delay,signal_date,entry_date,exit_date,entry_index,exit_index,entry_price,exit_price,stop_price,target_price,exit_reason,gross_return_pct,return_pct,r_multiple,win,open_gap_vs_confirm_close_pct,pullback_volume_ratio,rebound_volume_ratio,smma200_slope_pct20,atr_tolerance,average_turnover_20,market_regime,earnings_distance_bars
005930.KS,KRX,train,L21|D5|ATR0.50|PV1.0|RVNone|SNone,21,5,2025-11-25,2025-12-02,2025-12-26,573,590,100502.407247,113810.038939,93848.591401,113810.038939,target,13.241107,13.041107,1.969791,True,1.91339,0.885009,0.603291,4.856946,0.5,2257820417259.5312,BULL,-23.0
000660.KS,KRX,train,L21|D5|ATR0.50|PV1.0|RVNone|SNone,21,5,2025-12-09,2025-12-16,2025-12-17,583,584,543905.244104,525941.398438,525941.398438,579832.935436,stop,-3.302753,-3.502753,-1.060556,False,-3.710248,0.759617,0.581842,11.925824,0.5,2059159615208.9937,BULL,29.0
005380.KS,KRX,train,L21|D5|ATR0.50|PV1.0|RVNone|SNone,21,5,2025-11-25,2025-12-02,2025-12-04,573,575,255433.405193,270808.988426,250043.920761,266212.374056,target_gap,6.01941,5.81941,2.758096,True,0.96525,0.526271,0.389009,2.878391,0.5,164592174494.5242,BULL,-12.0
000270.KS,KRX,train,L21|D5|ATR0.50|PV1.0|RVNone|SNone,21,5,2025-08-06,2025-08-13,2025-08-29,500,511,98476.938439,102883.495885,96273.659715,102883.495885,target,4.47471,4.27471,1.910609,True,0.982326,0.616121,0.605631,1.025034,0.5,115985350648.7012,BULL,1.0
000270.KS,KRX,train,L21|D5|ATR0.50|PV1.0|RVNone|SNone,21,5,2025-11-11,2025-11-18,2025-12-16,563,583,111409.218388,115719.976562,104320.409124,125586.836918,time,3.869301,3.669301,0.576675,True,0.258619,0.4079,0.748713,1.876365,0.5,132276100529.8062,BULL,-2.0
068270.KS,KRX,train,L21|D5|ATR0.50|PV1.0|RVNone|SNone,21,5,2025-11-21,2025-11-28,2025-12-26,571,590,176689.300355,170714.30036,170714.30036,188639.300347,stop,-3.381642,-3.581642,-1.059143,False,-0.586967,0.859635,0.644047,0.781232,0.5,189756949017.0508,BULL,-10.0
055550.KS,KRX,train,L21|D5|ATR0.50|PV1.0|RVNone|SNone,21,5,2025-10-16,2025-10-23,2025-11-10,545,557,71180.89362,80554.500624,66494.090118,80554.500624,target,13.168712,12.968712,1.969625,True,0.275093,0.82809,0.842256,3.391163,0.5,94011162442.2821,BULL,3.0
051910.KS,KRX,train,L21|D5|ATR0.50|PV1.0|RVNone|SNone,21,5,2025-12-03,2025-12-10,2025-12-11,579,580,382043.124252,364654.948925,364654.948925,416819.474907,stop,-4.551365,-4.751365,-1.043943,False,1.184211,0.599642,0.564622,2.267782,0.5,118522434821.2078,BULL,-18.0
012330.KS,KRX,train,L21|D5|ATR0.50|PV1.0|RVNone|SNone,21,5,2025-08-20,2025-08-27,2025-09-03,509,514,298488.376446,322209.305281,286627.912029,322209.305281,target,7.947019,7.747019,1.949667,True,0.165838,0.536528,0.763638,1.961885,0.5,44785818622.9531,BULL,-8.0
012330.KS,KRX,test,L21|D5|ATR0.50|PV1.0|RVNone|SNone,21,5,2026-06-15,2026-06-22,2026-06-23,706,707,599000.0,534000.0,534000.0,729000.0,stop,-10.851419,-11.051419,-1.018431,False,-6.40625,0.511301,0.477654,9.210084,0.5,654886928350.0,BULL,23.0
028260.KS,KRX,test,L21|D5|ATR0.50|PV1.0|RVNone|SNone,21,5,2026-04-15,2026-04-22,2026-05-06,667,675,301000.0,348000.0,286000.0,331000.0,target_gap,15.614618,15.414618,3.0932,True,-2.113821,0.920919,0.917532,4.488925,0.5,114971090700.0,BULL,15.0
247540.KQ,KRX,test,L21|D5|ATR0.50|PV1.0|RVNone|SNone,21,5,2026-03-31,2026-04-07,2026-04-22,656,667,199700.0,222500.0,188606.814815,221886.37037,target_gap,11.417126,11.217126,2.019312,True,3.902185,0.731292,0.934151,2.060435,0.5,102649823835.85,BULL,-14.0
009540.KS,KRX,train,L21|D5|ATR0.50|PV1.0|RVNone|SNone,21,5,2025-08-06,2025-08-13,2025-09-05,500,516,355443.846756,421139.693045,322595.923611,421139.693045,target,18.482764,18.282764,1.978358,True,3.57143,0.992951,0.662333,6.499709,0.5,93682591058.1594,BULL,1.0
033780.KS,KRX,train,L21|D5|ATR0.50|PV1.0|RVNone|SNone,21,5,2025-07-29,2025-08-05,2025-08-08,494,497,130580.831382,141575.069347,125083.7124,141575.069347,target,8.419488,8.219488,1.952491,True,2.731413,0.840829,0.514476,3.331998,0.5,35817491747.534,BULL,7.0
003670.KS,KRX,test,L21|D5|ATR0.50|PV1.0|RVNone|SNone,21,5,2026-04-07,2026-04-14,2026-04-21,661,666,218000.0,245000.0,204500.0,245000.0,target,12.385321,12.185321,1.967704,True,4.30622,0.904855,0.756079,0.282446,0.5,75877851261.3008,BULL,21.0
010140.KS,KRX,train,L21|D5|ATR0.50|PV1.0|RVNone|SNone,21,5,2025-10-01,2025-10-15,2025-10-16,539,540,21300.0,22600.0,20650.0,22600.0,target,6.103286,5.903286,1.934462,True,-2.517162,0.554723,0.787215,5.952224,0.5,94361772832.5,BULL,22.0
095340.KQ,KRX,test,L21|D5|ATR0.50|PV1.0|RVNone|SNone,21,5,2026-04-16,2026-04-23,2026-05-18,668,683,240000.0,211000.0,211000.0,298000.0,stop,-12.083333,-12.283333,-1.016552,False,8.108108,0.944348,0.592518,15.887089,0.5,102750664925.0,BULL,14.0
222800.KQ,KRX,train,L21|D5|ATR0.50|PV1.0|RVNone|SNone,21,5,2025-12-03,2025-12-10,2025-12-15,579,582,53691.859489,50697.887699,51196.882962,58681.812543,stop_gap,-5.576212,-5.776212,-1.24304,False,-5.944053,0.49261,1.222689,9.286267,0.5,56294018883.9783,BULL,-19.0
178320.KQ,KRX,train,L21|D5|ATR0.50|PV1.0|RVNone|SNone,21,5,2025-12-08,2025-12-15,2026-01-08,582,597,25800.0,24350.0,24350.0,28700.0,stop,-5.620155,-5.820155,-1.035586,False,-2.457467,0.721818,1.264377,0.569192,0.5,10235449142.5,BULL,-421.0
178320.KQ,KRX,test,L21|D5|ATR0.50|PV1.0|RVNone|SNone,21,5,2026-04-01,2026-04-08,2026-04-21,657,666,44700.0,53800.0,40150.0,53800.0,target,20.357942,20.157942,1.980352,True,-3.870968,0.316198,0.572079,7.83274,0.5,112473453760.0,BULL,-496.0
032830.KS,KRX,test,L21|D5|ATR0.50|PV1.0|RVNone|SNone,21,5,2026-03-26,2026-04-02,2026-04-15,653,662,228500.0,259500.0,213000.0,259500.0,target,13.56674,13.36674,1.970516,True,2.927928,0.59204,0.786606,7.313978,0.5,86229800675.0,BULL,-29.0
066570.KS,KRX,train,L21|D5|ATR0.50|PV1.0|RVNone|SNone,21,5,2026-01-02,2026-01-09,2026-01-09,598,598,91301.788019,89614.688598,89614.688598,94675.986862,stop,-1.847827,-2.047827,-1.108235,False,0.656461,0.517461,0.64582,1.049834,0.5,55726817782.9457,BULL,-37.0
066570.KS,KRX,test,L21|D5|ATR0.50|PV1.0|RVNone|SNone,21,5,2026-06-15,2026-06-22,2026-06-23,706,707,227000.0,207500.0,207500.0,266000.0,stop,-8.590308,-8.790308,-1.023282,False,-6.776181,0.661307,0.581434,15.638298,0.5,1117882924425.0,BULL,23.0
018260.KS,KRX,train,L21|D5|ATR0.50|PV1.0|RVNone|SNone,21,5,2025-09-30,2025-10-14,2025-10-29,538,549,163779.181146,175554.781785,157891.380827,175554.781785,target,7.189925,6.989925,1.944367,True,1.644334,0.716858,0.656184,1.246825,0.5,35520656475.2782,BULL,12.0
086280.KS,KRX,train,L21|D5|ATR0.50|PV1.0|RVNone|SNone,21,5,2025-12-23,2026-01-02,2026-01-07,593,596,176367.734375,189821.989993,169640.606566,189821.989993,target,7.628524,7.428524,1.947565,True,1.458216,0.654289,0.543736,3.270924,0.5,27133947097.7398,BULL,-32.0
034730.KS,KRX,train,L21|D5|ATR0.50|PV1.0|RVNone|SNone,21,5,2025-11-25,2025-12-02,2025-12-03,573,574,248422.200707,265081.699386,240092.451368,265081.699386,target,6.706123,6.506123,1.940353,True,1.807234,0.713425,0.586755,5.12354,0.5,71148411895.9805,BULL,-12.0
010130.KS,KRX,train,L21|D5|ATR0.50|PV1.0|RVNone|SNone,21,5,2025-11-20,2025-11-27,2025-11-28,570,571,1140774.631132,1329105.730312,1046609.081542,1329105.730312,target,16.509054,16.309054,1.975771,True,3.377785,0.393405,0.579574,3.707283,0.5,34781925271.2875,BULL,-169.0
010130.KS,KRX,train,L21|D5|ATR0.50|PV1.0|RVNone|SNone,21,5,2025-12-23,2026-01-02,2026-01-06,593,595,1321174.704545,1260443.012405,1260443.012405,1442638.088827,stop,-4.596795,-4.796795,-1.043509,False,-0.669998,0.706901,0.64366,6.677915,0.5,62374829169.6438,BULL,-192.0
010130.KS,KRX,train,L21|D5|ATR0.50|PV1.0|RVNone|SNone,21,5,2026-02-10,2026-02-20,2026-02-25,625,628,1667908.346212,1899064.212005,1552330.413315,1899064.212005,target,13.859027,13.659027,1.971138,True,-1.587303,0.346035,0.271523,8.728788,0.5,113734663308.9937,BULL,-224.0
017670.KS,KRX,train,L21|D5|ATR0.50|PV1.0|RVNone|SNone,21,5,2025-08-06,2025-08-13,2025-08-26,500,508,54900.375,53825.8125,53825.8125,57049.5,stop,-1.957295,-2.157295,-1.102182,False,-0.17762,0.739277,0.737803,0.750729,0.5,29967766570.5607,BULL,-5.0
017670.KS,KRX,test,L21|D5|ATR0.50|PV1.0|RVNone|SNone,21,5,2026-03-25,2026-04-01,2026-04-08,652,657,77851.04831,86974.997271,73289.073829,86974.997271,target,11.719751,11.519751,1.96587,True,-1.629067,0.501068,0.70379,3.99042,0.5,69357859999.0566,BULL,-24.0
352820.KS,KRX,train,L21|D5|ATR0.50|PV1.0|RVNone|SNone,21,5,2025-08-18,2025-08-25,2025-09-03,507,514,287592.654174,274611.021355,274611.021355,313555.919811,stop,-4.513896,-4.713896,-1.044308,False,2.673801,0.848737,0.56124,1.56072,0.5,75910911491.8859,BULL,-6.0
138040.KS,KRX,train,L21|D5|ATR0.50|PV1.0|RVNone|SNone,21,5,2025-09-10,2025-09-17,2025-09-18,524,525,123500.0,121700.0,121700.0,127100.0,stop,-1.45749,-1.65749,-1.137222,False,-3.364632,0.403185,0.917652,2.635517,0.5,32391725410.0,BULL,-23.0
047810.KS,KRX,train,L21|D5|ATR0.50|PV1.0|RVNone|SNone,21,5,2025-07-24,2025-07-31,2025-08-12,491,499,93231.6281,88245.979343,88245.979343,103202.925614,stop,-5.347594,-5.547594,-1.0374,False,0.971923,0.667377,0.608743,3.849997,0.5,70186554449.4246,BULL,10.0
047810.KS,KRX,train,L21|D5|ATR0.50|PV1.0|RVNone|SNone,21,5,2025-08-29,2025-09-05,2025-09-11,516,520,95425.315529,103402.348108,91436.79924,103402.348108,target,8.359451,8.159451,1.95215,True,0.525211,0.627896,0.826284,3.653872,0.5,42913808761.5594,BULL,-15.0
047810.KS,KRX,test,L21|D5|ATR0.50|PV1.0|RVNone|SNone,21,5,2026-04-08,2026-04-15,2026-04-23,662,668,193600.0,180000.0,180000.0,220800.0,stop,-7.024793,-7.224793,-1.028471,False,1.680672,0.754304,0.869542,8.389281,0.5,116826109928.1602,BULL,20.0
000720.KS,KRX,train,L21|D5|ATR0.50|PV1.0|RVNone|SNone,21,5,2025-12-22,2025-12-30,2026-01-05,592,594,69632.548368,73611.556308,67643.044398,73611.556308,target,5.714293,5.514293,1.93,True,-1.547116,0.541826,0.464487,4.464484,0.5,161094924661.1994,BULL,-31.0
010950.KS,KRX,train,L21|D5|ATR0.50|PV1.0|RVNone|SNone,21,5,2025-12-02,2025-12-09,2025-12-15,578,582,79552.728908,87328.557059,75664.814833,87328.557059,target,9.774433,9.574433,1.959077,True,-1.237627,0.676214,0.712682,3.001958,0.5,34534089353.2207,BULL,-17.0
010950.KS,KRX,train,L21|D5|ATR0.50|PV1.0|RVNone|SNone,21,5,2025-12-22,2025-12-30,2026-01-02,592,593,82144.671687,79453.041382,79453.041382,87527.932296,stop,-3.276695,-3.476695,-1.061037,False,-1.904768,0.964369,0.699416,2.55904,0.5,18110279137.7227,BULL,-31.0
010950.KS,KRX,test,L21|D5|ATR0.50|PV1.0|RVNone|SNone,21,5,2026-04-10,2026-04-17,2026-04-29,664,672,118000.0,134000.0,110000.0,134000.0,target,13.559322,13.359322,1.9705,True,-2.236951,0.89033,0.89043,4.829445,0.5,59621372284.5832,BULL,18.0
161390.KS,KRX,test,L21|D5|ATR0.50|PV1.0|RVNone|SNone,21,5,2026-06-10,2026-06-17,2026-06-24,703,708,70300.0,60300.0,60300.0,90300.0,stop,-14.224751,-14.424751,-1.01406,False,-0.424929,0.912039,1.091331,3.146484,0.5,37489645955.0,BULL,-21.0
021240.KS,KRX,train,L21|D5|ATR0.50|PV1.0|RVNone|SNone,21,5,2025-08-06,2025-08-13,2025-09-02,500,513,103786.071096,97414.089434,97414.089434,116530.03442,stop,-6.139535,-6.339535,-1.032576,False,-0.370719,0.505935,0.354664,5.187558,0.5,15956462222.9688,BULL,1.0
021240.KS,KRX,test,L21|D5|ATR0.50|PV1.0|RVNone|SNone,21,5,2026-05-22,2026-06-01,2026-06-08,692,696,90000.0,85242.845522,85242.845522,99514.308957,stop,-5.285727,-5.485727,-1.037838,False,-3.722046,0.74411,0.840286,1.324998,0.5,30609731522.9477,BULL,-10.0
307950.KS,KRX,train,L21|D5|ATR0.50|PV1.0|RVNone|SNone,21,5,2025-11-18,2025-11-25,2025-11-28,568,571,185784.567844,197128.672283,180112.515625,197128.672283,target,6.106053,5.906053,1.934491,True,3.035314,0.408366,0.339646,2.109597,0.5,48588339940.8898,BULL,-170.0
307950.KS,KRX,train,L21|D5|ATR0.50|PV1.0|RVNone|SNone,21,5,2026-02-10,2026-02-20,2026-03-04,625,632,437842.580645,380126.98643,380126.98643,553273.769075,stop,-13.181814,-13.381814,-1.015172,False,2.088165,0.371979,0.895529,14.866877,0.5,122600350303.7406,BULL,-227.0
036570.KS,KRX,test,L21|D5|ATR0.50|PV1.0|RVNone|SNone,21,5,2026-05-11,2026-05-18,2026-06-02,683,693,267500.0,304500.0,249000.0,304500.0,target,13.831776,13.631776,1.971081,True,6.573705,0.736585,0.497921,2.666942,0.5,41108541925.0,BULL,-1.0
128940.KS,KRX,train,L21|D5|ATR0.50|PV1.0|RVNone|SNone,21,5,2025-12-04,2025-12-11,2026-01-08,580,597,436404.372083,472273.194738,418469.960756,472273.194738,target,8.219171,8.019171,1.951333,True,1.860461,0.894026,0.662743,4.847056,0.5,44942577078.9172,BULL,149.0
271560.KS,KRX,test,L21|D5|ATR0.50|PV1.0|RVNone|SNone,21,5,2026-03-25,2026-04-01,2026-04-23,652,668,129905.024144,141853.681736,123930.695349,141853.681736,target,9.197995,8.997995,1.956512,True,0.834232,0.85575,0.61895,2.062024,0.5,16983045492.1398,BULL,-10.0
271560.KS,KRX,test,L21|D5|ATR0.50|PV1.0|RVNone|SNone,21,5,2026-05-11,2026-05-18,2026-05-18,683,683,140853.734031,133653.237835,133653.237835,155254.726423,stop,-5.112038,-5.312038,-1.039123,False,2.292255,0.917951,0.667284,2.708933,0.5,14232843226.225,BULL,-1.0
180640.KS,KRX,train,L21|D5|ATR0.50|PV1.0|RVNone|SNone,21,5,2025-12-22,2025-12-30,2026-01-16,592,603,118136.011183,134086.866266,110160.583642,134086.866266,target,13.502111,13.302111,1.970375,True,0.25381,0.770681,0.630681,1.980427,0.5,15788758098.6211,BULL,137.0
006800.KS,KRX,test,L21|D5|ATR0.50|PV1.0|RVNone|SNone,21,5,2026-04-02,2026-04-09,2026-05-06,658,675,66900.0,79300.0,60700.0,79300.0,target,18.535127,18.335127,1.978419,True,8.603896,0.581268,0.906312,20.977999,0.5,209025521606.4719,BULL,-18.0
023530.KS,KRX,train,L21|D5|ATR0.50|PV1.0|RVNone|SNone,21,5,2025-12-02,2025-12-09,2025-12-15,578,582,70780.190144,75234.204348,68553.183042,75234.204348,target,6.292741,6.092741,1.936435,True,-2.010721,0.613584,0.726434,0.90012,0.5,5684864221.5363,BULL,151.0
023530.KS,KRX,test,L21|D5|ATR0.50|PV1.0|RVNone|SNone,21,5,2026-04-08,2026-04-15,2026-04-16,662,663,105310.470656,119206.291285,98362.560341,119206.291285,target,13.195099,12.995099,1.969686,True,-1.026123,0.670491,0.865368,4.730556,0.5,13863507527.3547,BULL,67.0
383220.KS,KRX,train,L21|D5|ATR0.50|PV1.0|RVNone|SNone,21,5,2026-02-05,2026-02-12,2026-03-04,622,632,72800.0,68200.0,68900.0,80600.0,stop_gap,-6.318681,-6.518681,-1.216821,False,-1.086957,0.763331,1.191044,0.100531,0.5,9039362345.0,BULL,20.0
277810.KQ,KRX,train,L21|D5|ATR0.50|PV1.0|RVNone|SNone,21,5,2025-09-11,2025-09-18,2025-09-25,525,530,291000.0,325000.0,274000.0,325000.0,target,11.683849,11.483849,1.965765,True,0.692042,0.586012,0.891332,2.226974,0.5,45484612675.0,BULL,
042660.KS,KRX,train,L21|D5|ATR0.50|PV1.0|RVNone|SNone,21,5,2025-08-22,2025-08-29,2025-09-26,511,531,109400.0,107000.0,99100.0,130000.0,time,-2.193784,-2.393784,-0.254252,False,-4.035088,0.672674,0.513943,10.235036,0.5,441100797725.0,BULL,-12.0
TSLA,US,train,L50|D1|ATR0.50|PVNone|RVNone|SNone,50,1,2025-08-22,2025-08-25,2025-09-12,523,536,338.899994,387.499969,314.600006,387.499969,target,14.340506,14.240506,1.986053,True,-0.326466,0.877958,1.140454,1.504433,0.5,25929756855.005,BULL,-23.0
BRK-B,US,train,L50|D1|ATR0.50|PVNone|RVNone|SNone,50,1,2025-10-06,2025-10-07,2025-10-10,553,556,500.160004,493.220001,493.220001,514.040009,stop,-1.387556,-1.487556,-1.072069,False,0.028002,0.823551,0.828108,0.749144,0.5,2064099599.016,BULL,19.0
BRK-B,US,train,L50|D1|ATR0.50|PVNone|RVNone|SNone,50,1,2025-11-21,2025-11-24,2025-11-28,587,590,501.899994,514.600006,495.549988,514.600006,target,2.530387,2.430387,1.920961,True,-0.424572,0.870083,1.085224,0.601622,0.5,2827666576.2013,BULL,-15.0
LLY,US,train,L50|D1|ATR0.50|PVNone|RVNone|SNone,50,1,2025-10-21,2025-10-22,2025-10-24,564,566,794.533101,823.492232,780.053535,823.492232,target,3.644799,3.544799,1.945127,True,-0.146323,1.042059,0.576543,0.497401,0.5,2871831514.2273,BULL,6.0
JPM,US,train,L50|D1|ATR0.50|PVNone|RVNone|SNone,50,1,2026-02-09,2026-02-10,2026-02-12,639,641,319.468484,302.621011,302.621011,353.163429,stop,-5.273595,-5.373595,-1.018962,False,0.139694,0.752899,0.90014,1.790555,0.5,3981509123.7344,BULL,-19.0
XOM,US,train,L50|D1|ATR0.50|PVNone|RVNone|SNone,50,1,2025-09-10,2025-09-11,2025-09-26,535,546,108.963284,114.929853,105.98,114.929853,target,5.475761,5.375761,1.963475,True,-0.977777,1.033972,1.052278,0.270967,0.5,1632514747.307,BULL,-28.0
XOM,US,train,L50|D1|ATR0.50|PVNone|RVNone|SNone,50,1,2025-10-06,2025-10-07,2025-10-10,553,556,111.574881,108.601375,108.601375,117.521891,stop,-2.665031,-2.765031,-1.037523,False,-0.113833,0.771856,0.719057,0.510651,0.5,1838349023.0173,BULL,18.0
MA,US,train,L50|D1|ATR0.50|PVNone|RVNone|SNone,50,1,2025-08-11,2025-08-12,2025-09-10,514,534,571.617953,575.791931,550.429979,613.993899,time,0.730204,0.630204,0.170019,True,0.277194,1.14677,0.813236,1.133759,0.5,1444765731.1017,BULL,-8.0
MA,US,train,L50|D1|ATR0.50|PVNone|RVNone|SNone,50,1,2026-01-07,2026-01-08,2026-01-12,617,619,574.691206,555.724201,555.724201,612.625217,stop,-3.300382,-3.400382,-1.0303,False,-0.415559,1.088394,1.339357,0.75212,0.5,1577439402.5616,BULL,14.0
BAC,US,test,L50|D1|ATR0.50|PVNone|RVNone|SNone,50,1,2026-04-29,2026-04-30,2026-05-06,694,698,52.338065,53.890004,51.562096,53.890004,target,2.96522,2.86522,1.932551,True,-0.510592,0.783859,0.766915,1.279954,0.5,1730432892.4009,BULL,-11.0
CVX,US,train,L50|D1|ATR0.50|PVNone|RVNone|SNone,50,1,2025-11-14,2025-11-17,2025-11-19,582,584,153.064951,147.591423,147.591423,164.012007,stop,-3.575951,-3.675951,-1.027965,False,0.063438,1.649215,1.130548,0.476328,0.5,1134581117.7767,BULL,-11.0
ABBV,US,train,L50|D1|ATR0.50|PVNone|RVNone|SNone,50,1,2026-02-13,2026-02-17,2026-03-17,643,663,229.114894,216.411438,214.727509,257.889666,time,-5.544579,-5.644579,-0.898883,False,0.501082,1.077139,1.076107,1.346393,0.5,1682163426.9872,BULL,-8.0
KO,US,train,L50|D1|ATR0.50|PVNone|RVNone|SNone,50,1,2026-01-22,2026-01-23,2026-02-03,627,634,71.069328,75.470448,68.868768,75.470448,target,6.192714,6.092714,1.967704,True,0.208707,1.402116,0.908565,0.60544,0.5,1066961483.0914,BULL,12.0
LIN,US,train,L50|D1|ATR0.50|PVNone|RVNone|SNone,50,1,2025-07-28,2025-07-29,2025-07-31,504,506,463.658683,452.321295,456.297785,478.380479,stop_gap,-2.445201,-2.545201,-1.603208,False,0.521968,0.834467,0.798443,0.655369,0.5,713094052.149,BULL,3.0
MCD,US,train,L50|D1|ATR0.50|PVNone|RVNone|SNone,50,1,2025-11-24,2025-11-25,2025-12-02,588,592,301.183657,296.392232,296.392232,310.766507,stop,-1.590865,-1.690865,-1.062859,False,0.606749,1.385426,1.148999,0.371776,0.5,978094823.5492,BULL,-14.0
PM,US,test,L50|D1|ATR0.50|PVNone|RVNone|SNone,50,1,2026-06-11,2026-06-12,2026-06-22,724,729,179.511738,170.982448,170.982448,196.570318,stop,-4.751383,-4.851383,-1.021047,False,0.127224,0.899276,1.253563,1.972171,0.5,804958604.193,BULL,26.0
DIS,US,train,L50|D1|ATR0.50|PVNone|RVNone|SNone,50,1,2026-01-15,2026-01-16,2026-01-16,623,623,112.3392,110.761295,110.761295,115.495009,stop,-1.40459,-1.50459,-1.071195,False,-0.18518,0.880264,0.821438,0.682287,0.5,1044182793.9061,BULL,10.0
ABT,US,train,L50|D1|ATR0.50|PVNone|RVNone|SNone,50,1,2025-09-05,2025-09-08,2025-09-10,532,534,129.272021,127.268367,127.268367,133.27933,stop,-1.549952,-1.649952,-1.064518,False,-0.511534,0.898123,0.617902,1.045327,0.5,674745617.5408,BULL,27.0
AMGN,US,train,L50|D1|ATR0.50|PVNone|RVNone|SNone,50,1,2025-10-15,2025-10-16,2025-10-27,560,567,291.719581,283.273451,283.273451,308.61184,stop,-2.895291,-2.995291,-1.034539,False,0.252262,0.655458,0.90674,0.127018,0.5,787666382.6419,BULL,13.0
AMGN,US,train,L50|D1|ATR0.50|PVNone|RVNone|SNone,50,1,2025-11-04,2025-11-05,2025-11-11,574,578,296.671773,326.28708,281.864119,326.28708,target,9.982516,9.882516,1.979965,True,2.167176,1.35872,1.684437,0.355015,0.5,612501990.7722,BULL,-1.0
VZ,US,train,L50|D1|ATR0.50|PVNone|RVNone|SNone,50,1,2025-08-04,2025-08-05,2025-08-18,509,518,40.203726,41.701422,39.454878,41.701422,target,3.725266,3.625266,1.946313,True,6e-06,1.291702,0.659737,0.791371,0.5,800470976.8921,BULL,-11.0
GS,US,test,L50|D1|ATR0.50|PVNone|RVNone|SNone,50,1,2026-04-15,2026-04-16,2026-05-14,684,704,894.049713,962.657415,861.543066,959.063007,target_gap,7.673813,7.573813,2.083071,True,-0.166763,2.111738,1.13047,2.242874,0.5,1832310198.1732,BULL,-3.0
BKNG,US,train,L50|D1|ATR0.50|PVNone|RVNone|SNone,50,1,2026-01-06,2026-01-07,2026-01-07,616,616,211.839371,217.419806,209.049153,217.419806,target,2.634277,2.534277,1.924078,True,-0.504454,0.77136,0.983321,1.20668,0.5,1136290327.6196,BULL,28.0
HON,US,test,L50|D1|ATR0.50|PVNone|RVNone|SNone,50,1,2026-06-25,2026-06-26,2026-06-29,733,734,240.723648,231.400101,231.400101,259.370743,stop,-3.873133,-3.973133,-1.025819,False,-0.739493,1.196183,1.105168,0.867318,0.5,1206013444.614,BULL,18.0
QCOM,US,train,L50|D1|ATR0.50|PVNone|RVNone|SNone,50,1,2025-09-04,2025-09-05,2025-09-24,531,544,157.667831,170.185969,151.408762,170.185969,target,7.939564,7.839564,1.97481,True,0.23167,1.072665,1.126656,0.15004,0.5,1053125027.0471,BULL,-26.0
SYK,US,train,L50|D1|ATR0.50|PVNone|RVNone|SNone,50,1,2025-08-26,2025-08-27,2025-09-03,525,529,390.365539,380.456429,380.456429,410.183759,stop,-2.538418,-2.638418,-1.039395,False,0.002541,0.664356,0.785226,0.760507,0.5,514573925.1955,BULL,-19.0
SYK,US,train,L50|D1|ATR0.50|PVNone|RVNone|SNone,50,1,2025-09-05,2025-09-08,2025-09-10,532,534,387.039382,380.377241,380.377241,400.363663,stop,-1.721308,-1.821308,-1.058095,False,-0.339028,0.788207,0.985844,0.808719,0.5,422666501.2573,BULL,-26.0
BLK,US,train,L50|D1|ATR0.50|PVNone|RVNone|SNone,50,1,2026-01-29,2026-01-30,2026-02-03,632,634,1102.979477,1085.802589,1085.802589,1137.333254,stop,-1.557317,-1.657317,-1.064213,False,-1.1004,0.766733,0.957788,1.273054,0.5,830661009.1473,BULL,-10.0
BLK,US,test,L50|D1|ATR0.50|PVNone|RVNone|SNone,50,1,2026-05-22,2026-05-26,2026-06-01,711,715,1071.462086,1024.417168,1024.417168,1165.551922,stop,-4.390722,-4.490722,-1.022775,False,0.419385,1.409806,0.813701,0.702578,0.5,592706564.9072,BULL,-29.0
MDT,US,train,L50|D1|ATR0.50|PVNone|RVNone|SNone,50,1,2025-08-21,2025-08-22,2025-09-22,522,542,88.792926,91.64035,84.744561,96.889655,time,3.206815,3.106815,0.681419,True,0.63666,2.907698,0.894461,0.944474,0.5,675016468.9275,BULL,-3.0
MDT,US,train,L50|D1|ATR0.50|PVNone|RVNone|SNone,50,1,2026-01-22,2026-01-23,2026-02-17,627,643,99.296065,94.066337,94.066337,109.755522,stop,-5.266803,-5.366803,-1.018987,False,-0.325624,1.598949,1.549008,1.160841,0.5,638483919.3441,BULL,16.0
GILD,US,train,L50|D1|ATR0.50|PVNone|RVNone|SNone,50,1,2025-11-04,2025-11-05,2025-12-04,574,594,119.924496,120.336678,111.896812,135.979863,time,0.343701,0.243701,0.036406,True,-0.650403,1.464314,1.225912,2.418014,0.5,813338850.0548,BULL,-4.0
VRTX,US,train,L50|D1|ATR0.50|PVNone|RVNone|SNone,50,1,2026-01-22,2026-01-23,2026-02-23,627,647,465.230011,481.01001,429.0,537.690033,time,3.39187,3.29187,0.422709,True,-0.45362,1.31087,1.222106,0.485118,0.5,589933607.538,BULL,14.0
CB,US,test,L50|D1|ATR0.50|PVNone|RVNone|SNone,50,1,2026-06-16,2026-06-17,2026-06-29,727,734,327.559998,343.26001,319.709991,343.26001,target,4.793019,4.693019,1.958273,True,-0.404396,0.93732,0.604483,0.984069,0.5,545866899.6771,BULL,22.0
APD,US,train,L50|D1|ATR0.50|PVNone|RVNone|SNone,50,1,2025-08-20,2025-08-21,2025-08-22,521,522,283.407212,290.907358,279.657139,290.907358,target,2.64642,2.54642,1.924426,True,-0.482265,0.654772,0.572786,0.39244,0.5,261836223.08,BULL,-15.0
ITW,US,train,L50|D1|ATR0.50|PVNone|RVNone|SNone,50,1,2025-08-05,2025-08-06,2025-08-25,510,523,250.313591,263.909951,243.515411,263.909951,target,5.431731,5.331731,1.963179,True,0.234327,1.19987,0.779601,0.469785,0.5,254644967.4535,BULL,-5.0
ANET,US,train,L50|D1|ATR0.50|PVNone|RVNone|SNone,50,1,2026-02-17,2026-02-18,2026-02-23,644,647,140.460007,131.225006,132.009995,157.360031,stop_gap,-6.574826,-6.674826,-1.10952,False,-1.486881,1.941097,0.916686,2.610513,0.5,1341397012.8902,BULL,-3.0
REGN,US,test,L50|D1|ATR0.50|PVNone|RVNone|SNone,50,1,2026-04-07,2026-04-08,2026-04-10,678,680,764.11871,743.888959,743.888959,804.578212,stop,-2.647462,-2.747462,-1.037772,False,0.656343,1.690845,1.028227,0.445302,0.5,450806853.1497,BULL,15.0
CME,US,train,L50|D1|ATR0.50|PVNone|RVNone|SNone,50,1,2025-11-21,2025-11-24,2025-11-26,587,589,264.410874,271.993415,260.619604,271.993415,target,2.867711,2.767711,1.930258,True,0.109865,1.880126,1.134924,1.207334,0.5,536556326.1356,BULL,-23.0
